demand_bin,mean_demand,mean_resid_var,n_skus,taylor_alpha,taylor_r2
"(0.124, 0.5]",0.3641732283464567,0.4866422947131609,127,0.6561660354744159,0.9859236882034358
"(0.5, 0.875]",0.7596153846153846,1.8019688644688647,156,0.6561660354744159,0.9859236882034358
"(0.875, 1.25]",1.1355421686746987,1.7867900172117037,83,0.6561660354744159,0.9859236882034358
"(1.25, 2.0]",1.619047619047619,3.1258503401360547,105,0.6561660354744159,0.9859236882034358
"(2.0, 93.5]",11.975,52.004870129870135,110,0.6561660354744159,0.9859236882034358
