policy,overall_coverage,target_coverage,coverage_gap
sip,0.8967028380634391,0.833,0.06370283806343913
analytical,0.8313856427378965,0.833,-0.0016143572621034608
