policy,overall_coverage,target_coverage,coverage_gap
sip,0.8967028380634391,0.833,0.06370283806343913
analytical,0.8207429048414023,0.833,-0.01225709515859763
