mean_gap,median_gap,std_gap,n_positive_gap,n_negative_gap,frac_large_gap,total_gap,total_abs_gap,gap_from_large_skus,frac_total_from_large
0.35191986644407336,0.0,2.977365924170337,270,284,0.7262103505843072,210.79999999999995,1014.0,215.39999999999998,1.021821631878558
